Workbook

Sheet Resumen Ejecutivo
B2: SISTEMA INTELIGENTE DE MONITOREO DE AFORO EN TIEMPO REAL
B3: Resumen Ejecutivo de Desempeño y Calibración (Muestra Hora Pico: 07:00 a 08:00 a.m. | 10 Días)
B5: CONFIGURACIÓN DE PARÁMETROS OPERATIVOS (LOBBY)
B6: Capacidad Máxima del Vestíbulo | C6: 50 | D6: Personas | E6: Parámetro editable de diseño
B7: Umbral de Alerta Temprana (80%) | C7: =C6*0.8 -> 40 | D7: Personas | E7: Punto de pre-activación de alertas
B8: Umbral de Alerta Crítica (90%) | C8: =C6*0.9 -> 45 | D8: Personas | E8: Punto de activación de alarma de saturación
B10: MÉTRICAS CONSOLIDADAS DE DESEMPEÑO
B11: Total de Minutos Analizados (N) | C11: ='Sábana de Datos'!B608 -> 600 | D11: Minutos de video efectivo (10 días x 60 min) | E11: Metodología Tesis
B12: Total de Tránsitos Manuales (O1) | C12: =SUM('Sábana de Datos'!F5:F604) -> 2074 | D12: Línea base observada acumulada | E12: Metodología Tesis
B13: Total de Tránsitos YOLOv8 (O2) | C13: =SUM('Sábana de Datos'!G5:G604) -> 2085 | D13: Conteo dinámico por IA acumulado | E13: Metodología Tesis
B14: Error Absoluto Medio (MAE) | C14: =AVERAGE('Sábana de Datos'!H5:H604) -> 0.10833333 | D14: Desviación promedio en personas/minuto | E14: Metodología Tesis
B15: Error Porcentual Absoluto Medio (MAPE) | C15: =AVERAGE('Sábana de Datos'!J5:J604) -> 0.044671356 | D15: Margen de error relativo general | E15: Metodología Tesis
B16: Precisión de Conteo General (%) | C16: =1-C15 -> 0.95532864 | D16: Exactitud global del conteo dinámico | E16: Metodología Tesis
B17: Velocidad de Inferencia Promedio | C17: =AVERAGE('Sábana de Datos'!K5:K604) -> 27.639 | D17: Tasa de cuadros por segundo (FPS) en el borde | E17: Metodología Tesis
B18: Latencia Promedio de Hardware | C18: =AVERAGE('Sábana de Datos'!L5:L604) -> 0.35473667 | D18: Tiempo de respuesta del pipeline de IA | E18: Metodología Tesis
B19: Tasa de Anonimización Facial | C19: =AVERAGE('Sábana de Datos'!M5:M604) -> 0.97465333 | D19: Efectividad del difuminado de rostros | E19: Metodología Tesis
B21: VALIDACIÓN DE METAS CIENTÍFICAS (CONFIABILIDAD)
B22: Muestra de Tiempo Completa (N = 600 min) | C22: =IF(C11=600, "✅ CUMPLIDO", "❌ REVISAR") -> ✅ CUMPLIDO | D22: Meta: 10 días continuos de 1 hora
B23: Error Absoluto de Conteo (MAE < 1.0) | C23: =IF(C14<1, "✅ CUMPLIDO", "❌ REVISAR") -> ✅ CUMPLIDO | D23: Meta: Margen de error menor a 1 persona/min
B24: Velocidad de Tiempo Real (FPS >= 15) | C24: =IF(C17>=15, "✅ CUMPLIDO", "❌ REVISAR") -> ✅ CUMPLIDO | D24: Meta: Procesamiento perimetral en tiempo real
B25: Anonimización Legal (Ley 29733 >= 95%) | C25: =IF(C19>=0.95, "✅ CUMPLIDO", "❌ REVISAR") -> ✅ CUMPLIDO | D25: Meta: Privacidad de datos e identidad protegida

Sheet Sábana de Datos
B1: ANEXO 04: SÁBANA DE DATOS EXPERIMENTALES (HORA PICO)
B2: Muestra: 10 días hábiles continuos | Turno Mañana: 07:00 a.m. a 08:00 a.m. (Intervalo de 1 minuto)
B4: ID Reg. | C4: Fecha | D4: Día | E4: Timestamp | F4: Conteo Humano (O1) | G4: Conteo YOLOv8 (O2) | H4: Error Absoluto (AE) | I4: Error Cuadrático (SE) | J4: Error Porcentual (PE) | K4: Velocidad (FPS) | L4: Latencia (s) | M4: Anonimización (%) | N4: Estado de Alerta
B5: 1 | C5: 2026-08-10 | D5: Día 1 | E5: 07:00 | F5: 3 | G5: 3 | H5: =ABS(G5-F5) -> 0 | I5: =(G5-F5)^2 -> 0 | J5: =IFERROR(H5/F5,0) -> 0 | K5: 27 | L5: 0.337 | M5: 0.987 | N5: =IF(G5>='Resumen Ejecutivo'!$C$8, "CRÍTICA", IF(G5>='Resumen Ejecutivo'!$C$7, "TEMPRANA", "NORMAL")) -> NORMAL
B6: 2 | C6: 2026-08-10 | D6: Día 1 | E6: 07:01 | F6: 4 | G6: 4 | H6: =ABS(G6-F6) -> 0 | I6: =(G6-F6)^2 -> 0 | J6: =IFERROR(H6/F6,0) -> 0 | K6: 27.7 | L6: 0.367 | M6: 0.971 | N6: =IF(G6>='Resumen Ejecutivo'!$C$8, "CRÍTICA", IF(G6>='Resumen Ejecutivo'!$C$7, "TEMPRANA", "NORMAL")) -> NORMAL
B7: 3 | C7: 2026-08-10 | D7: Día 1 | E7: 07:02 | F7: 1 | G7: 1 | H7: =ABS(G7-F7) -> 0 | I7: =(G7-F7)^2 -> 0 | J7: =IFERROR(H7/F7,0) -> 0 | K7: 27.7 | L7: 0.348 | M7: 1 | N7: =IF(G7>='Resumen Ejecutivo'!$C$8, "CRÍTICA", IF(G7>='Resumen Ejecutivo'!$C$7, "TEMPRANA", "NORMAL")) -> NORMAL
B8: 4 | C8: 2026-08-10 | D8: Día 1 | E8: 07:03 | F8: 3 | G8: 4 | H8: =ABS(G8-F8) -> 1 | I8: =(G8-F8)^2 -> 1 | J8: =IFERROR(H8/F8,0) -> 0.33333333 | K8: 27 | L8: 0.355 | M8: 0.988 | N8: =IF(G8>='Resumen Ejecutivo'!$C$8, "CRÍTICA", IF(G8>='Resumen Ejecutivo'!$C$7, "TEMPRANA", "NORMAL")) -> NORMAL
B9: 5 | C9: 2026-08-10 | D9: Día 1 | E9: 07:04 | F9: 1 | G9: 1 | H9: =ABS(G9-F9) -> 0 | I9: =(G9-F9)^2 -> 0 | J9: =IFERROR(H9/F9,0) -> 0 | K9: 28.2 | L9: 0.338 | M9: 0.958 | N9: =IF(G9>='Resumen Ejecutivo'!$C$8, "CRÍTICA", IF(G9>='Resumen Ejecutivo'!$C$7, "TEMPRANA", "NORMAL")) -> NORMAL
B10: 6 | C10: 2026-08-10 | D10: Día 1 | E10: 07:05 | F10: 0 | G10: 0 | H10: =ABS(G10-F10) -> 0 | I10: =(G10-F10)^2 -> 0 | J10: =IFERROR(H10/F10,0) -> 0 | K10: 27.9 | L10: 0.36 | M10: 0.969 | N10: =IF(G10>='Resumen Ejecutivo'!$C$8, "CRÍTICA", IF(G10>='Resumen Ejecutivo'!$C$7, "TEMPRANA", "NORMAL")) -> NORMAL
B11: 7 | C11: 2026-08-10 | D11: Día 1 | E11: 07:06 | F11: 1 | G11: 1 | H11: =ABS(G11-F11) -> 0 | I11: =(G11-F11)^2 -> 0 | J11: =IFERROR(H11/F11,0) -> 0 | K11: 27.8 | L11: 0.353 | M11: 0.963 | N11: =IF(G11>='Resumen Ejecutivo'!$C$8, "CRÍTICA", IF(G11>='Resumen Ejecutivo'!$C$7, "TEMPRANA", "NORMAL")) -> NORMAL
B12: 8 | C12: 2026-08-10 | D12: Día 1 | E12: 07:07 | F12: 0 | G12: 0 | H12: =ABS(G12-F12) -> 0 | I12: =(G12-F12)^2 -> 0 | J12: =IFERROR(H12/F12,0) -> 0 | K12: 27.7 | L12: 0.377 | M12: 0.984 | N12: =IF(G12>='Resumen Ejecutivo'!$C$8, "CRÍTICA", IF(G12>='Resumen Ejecutivo'!$C$7, "TEMPRANA", "NORMAL")) -> NORMAL
B13: 9 | C13: 2026-08-10 | D13: Día 1 | E13: 07:08 | F13: 1 | G13: 2 | H13: =ABS(G13-F13) -> 1 | I13: =(G13-F13)^2 -> 1 | J13: =IFERROR(H13/F13,0) -> 1 | K13: 27 | L13: 0.374 | M13: 0.988 | N13: =IF(G13>='Resumen Ejecutivo'!$C$8, "CRÍTICA", IF(G13>='Resumen Ejecutivo'!$C$7, "TEMPRANA", "NORMAL")) -> NORMAL
B14: 10 | C14: 2026-08-10 | D14: Día 1 | E14: 07:09 | F14: 1 | G14: 1 | H14: =ABS(G14-F14) -> 0 | I14: =(G14-F14)^2 -> 0 | J14: =IFERROR(H14/F14,0) -> 0 | K14: 28 | L14: 0.347 | M14: 0.965 | N14: =IF(G14>='Resumen Ejecutivo'!$C$8, "CRÍTICA", IF(G14>='Resumen Ejecutivo'!$C$7, "TEMPRANA", "NORMAL")) -> NORMAL
B15: 11 | C15: 2026-08-10 | D15: Día 1 | E15: 07:10 | F15: 2 | G15: 2 | H15: =ABS(G15-F15) -> 0 | I15: =(G15-F15)^2 -> 0 | J15: =IFERROR(H15/F15,0) -> 0 | K15: 27.1 | L15: 0.33 | M15: 0.986 | N15: =IF(G15>='Resumen Ejecutivo'!$C$8, "CRÍTICA", IF(G15>='Resumen Ejecutivo'!$C$7, "TEMPRANA", "NORMAL")) -> NORMAL
B16: 12 | C16: 2026-08-10 | D16: Día 1 | E16: 07:11 | F16: 3 | G16: 3 | H16: =ABS(G16-F16) -> 0 | I16: =(G16-F16)^2 -> 0 | J16: =IFERROR(H16/F16,0) -> 0 | K16: 28 | L16: 0.379 | M16: 0.988 | N16: =IF(G16>='Resumen Ejecutivo'!$C$8, "CRÍTICA", IF(G16>='Resumen Ejecutivo'!$C$7, "TEMPRANA", "NORMAL")) -> NORMAL
... B604: 600 | C604: 2026-08-21 | D604: Día 10 | E604: 07:59 | F604: 0 | G604: 0 | H604: =ABS(G604-F604) -> 0 | I604: =(G604-F604)^2 -> 0 | J604: =IFERROR(H604/F604,0) -> 0 | K604: 28 | L604: 0.345 | M604: 0.953 | N604: =IF(G604>='Resumen Ejecutivo'!$C$8, "CRÍTICA", IF(G604>='Resumen Ejecutivo'!$C$7, "TEMPRANA", "NORMAL")) -> NORMAL
B605: Total / Promedio Acumulado | F605: =SUM(F5:F604) -> 2074 | G605: =SUM(G5:G604) -> 2085 | H605: =AVERAGE(H5:H604) -> 0.10833333 | J605: =AVERAGE(J5:J604) -> 0.044671356 | K605: =AVERAGE(K5:K604) -> 27.639 | L605: =AVERAGE(L5:L604) -> 0.35473667 | M605: =AVERAGE(M5:M604) -> 0.97465333
B607: Soporte N
B608: =COUNTA(B5:B604) -> 600
